ttid,title,genre,releaseYear,avg_rating,features
tt0111161,The Shawshank Redemption,['Drama'],1994,,"{Drama} A banker convicted of uxoricide forms a friendship over a quarter century with a hardened convict, while maintaining his innocence and trying to remain hopeful through simple compassion. ""[{\""name\"":\""Tim Robbins\"",\""image\"":\""https://m.media-amazon.com/images/M/MV5BMTI1OTYxNzAxOF5BMl5BanBnXkFtZTYwNTE5ODI4._V1_.jpg\"",\""character\"":\""Andy Dufresne\"",\""additional\"":\""\""},{\""name\"":\""Morgan Freeman\"",\""image\"":\""https://m.media-amazon.com/images/M/MV5BMTc0MDMyMzI2OF5BMl5BanBnXkFtZTcwMzM2OTk1MQ@@._V1_.jpg\"",\""character\"":\""Ellis Boyd 'Red' Redding\"",\""additional\"":\""\""},{\""name\"":\""Bob Gunton\"",\""image\"":\""https://m.media-amazon.com/images/M/MV5BOWQ1ZTI1ZDgtMjhmZC00OWExLTliNWQtNzgxNTExZWIwMDJkXkEyXkFqcGc@._V1_.jpg\"",\""character\"":\""Warden Norton\"",\""additional\"":\""\""},{\""name\"":\""William Sadler\"",\""image\"":\""https://m.media-amazon.com/images/M/MV5BMTA1NjU3NDg1MTheQTJeQWpwZ15BbWU2MDI4OTcxMw@@._V1_.jpg\"",\""character\"":\""Heywood\"",\""additional\"":\""\""},{\""name\"":\""Clancy Brown\"",\""image\"":\""https://m.media-amazon.com/images/M/MV5BMTUxODY3NjAzMF5BMl5BanBnXkFtZTcwMTQ5MjYwNg@@._V1_.jpg\"",\""character\"":\""Captain Hadley\"",\""additional\"":\""\""},{\""name\"":\""Gil Bellows\"",\""image\"":\""https://m.media-amazon.com/images/M/MV5BMTgxMzc0MDAzNV5BMl5BanBnXkFtZTgwMzUzMTI0MzE@._V1_.jpg\"",\""character\"":\""Tommy\"",\""additional\"":\""\""},{\""name\"":\""Mark Rolston\"",\""image\"":\""https://m.media-amazon.com/images/M/MV5BYmUzNTBkNzgtNTE4NS00ZDAzLWI2MWYtYjM4NjA1ZmMyZGRmXkEyXkFqcGc@._V1_.jpg\"",\""character\"":\""Bogs Diamond\"",\""additional\"":\""\""},{\""name\"":\""James Whitmore\"",\""image\"":\""https://m.media-amazon.com/images/M/MV5BMTg5MzkxMTkxOV5BMl5BanBnXkFtZTcwNTEzNTgxMw@@._V1_.jpg\"",\""character\"":\""Brooks Hatlen\"",\""additional\"":\""\""},{\""name\"":\""Jeffrey DeMunn\"",\""image\"":\""https://m.media-amazon.com/images/M/MV5BMTQ0Mjc3NDA1OV5BMl5BanBnXkFtZTcwMTg3MDEyOA@@._V1_.jpg\"",\""character\"":\""1946 D.A.\"",\""additional\"":\""\""},{\""name\"":\""Larry Brandenburg\"",\""image\"":\""https://m.media-amazon.com/images/M/MV5BNTJjZGIyN2YtZjk5OC00MGY3LWE0ZmItNTY0YTgyZmFlMDg5XkEyXkFqcGc@._V1_.jpg\"",\""character\"":\""Skeet\"",\""additional\"":\""\""},{\""name\"":\""Neil Giuntoli\"",\""image\"":\""https://m.media-amazon.com/images/M/MV5BMjI0OTUxNjIyNF5BMl5BanBnXkFtZTcwNDE0MDcwOA@@._V1_.jpg\"",\""character\"":\""Jigger\"",\""additional\"":\""\""},{\""name\"":\""Brian Libby\"",\""image\"":\""https://m.media-amazon.com/images/M/MV5BMjI2NDYwNzU0NV5BMl5BanBnXkFtZTcwMjYwMTcwOA@@._V1_.jpg\"",\""character\"":\""Floyd\"",\""additional\"":\""\""},{\""name\"":\""David Proval\"",\""image\"":\""https://m.media-amazon.com/images/M/MV5BMjE0MTU0NjU3Nl5BMl5BanBnXkFtZTYwNTgzNjY0._V1_.jpg\"",\""character\"":\""Snooze\"",\""additional\"":\""\""},{\""name\"":\""Joseph Ragno\"",\""image\"":\""https://m.media-amazon.com/images/M/MV5BMTQyNzMyNTUwNV5BMl5BanBnXkFtZTcwNjQ2MTcwOA@@._V1_.jpg\"",\""character\"":\""Ernie\"",\""additional\"":\""\""},{\""name\"":\""Jude Ciccolella\"",\""image\"":\""https://m.media-amazon.com/images/M/MV5BYTFkYzlhMGQtZjYzYy00YmY0LTg3N2MtMDcwMTU0MzFjYjA0XkEyXkFqcGc@._V1_.jpg\"",\""character\"":\""Guard Mert\"",\""additional\"":\""\""},{\""name\"":\""Paul McCrane\"",\""image\"":\""https://m.media-amazon.com/images/M/MV5BMTI2Mjc1NzExN15BMl5BanBnXkFtZTYwNjUzMzQz._V1_.jpg\"",\""character\"":\""Guard Trout\"",\""additional\"":\""\""},{\""name\"":\""Renee Blaine\"",\""image\"":\""\"",\""character\"":\""Andy Dufresne's Wife\"",\""additional\"":\""\""},{\""name\"":\""Scott Mann\"",\""image\"":\""\"",\""character\"":\""Glenn Quentin\"",\""additional\"":\""\""},{\""name\"":\""John Horton\"",\""image\"":\""\"",\""character\"":\""1946 Judge\"",\""additional\"":\""\""},{\""name\"":\""Gordon Greene\"",\""image\"":\""\"",\""character\"":\""1947 Parole Hearings Man\"",\""additional\"":\""as Gordon C. Greene\""}]"""
tt8239946,Tumbbad,"['Drama', 'Fantasy', 'Horror', 'Thriller']",2018,,"{Drama,Fantasy,Horror,Thriller} A mythological story about a goddess who created the entire universe. The plot revolves around the consequences when humans build a temple for her first-born. ""[{\""name\"":\""Sohum Shah\"",\""image\"":\""https://m.media-amazon.com/images/M/MV5BZDBmOGU5ZjAtM2YxZi00OWM1LWExNGUtZWVkNjM5NGJhZGQ5XkEyXkFqcGc@._V1_.jpg\"",\""character\"":\""Vinayak Rao\"",\""additional\"":\""\""},{\""name\"":\""Jyoti Malshe\"",\""image\"":\""\"",\""character\"":\""Vinayak's Mother\"",\""additional\"":\""\""},{\""name\"":\""Anita Date-Kelkar\"",\""image\"":\""https://m.media-amazon.com/images/M/MV5BNTIyODM5ZDItOTdjYS00NTFhLTkwYzMtNDUyNmYwMzMyNjkwXkEyXkFqcGc@._V1_.jpg\"",\""character\"":\""Vaidehi - Vinayak's Wife\"",\""additional\"":\""as Anita Date\""},{\""name\"":\""Ronjini Chakraborty\"",\""image\"":\""https://m.media-amazon.com/images/M/MV5BNjZlNGJhZWYtMmEwZS00ODg5LWFmNWQtOTcyZGYzNTlkODgwXkEyXkFqcGc@._V1_.jpg\"",\""character\"":\""Vinayak's Mistress\"",\""additional\"":\""\""},{\""name\"":\""Deepak Damle\"",\""image\"":\""\"",\""character\"":\""Raghav\"",\""additional\"":\""\""},{\""name\"":\""Cameron Anderson\"",\""image\"":\""https://m.media-amazon.com/images/M/MV5BMzdiOWI1NjQtN2M2Yi00NmU5LWI0YTEtZjQ2ZTc5YjRhYThjXkEyXkFqcGc@._V1_.jpg\"",\""character\"":\""Sgt Cooper\"",\""additional\"":\""\""},{\""name\"":\""Dhundiraj Prabhakar Jogalekar\"",\""image\"":\""\"",\""character\"":\""Young Vinayak\"",\""additional\"":\""\""},{\""name\"":\""Madhav Hari Joshi\"",\""image\"":\""\"",\""character\"":\""Sarkaar\"",\""additional\"":\""\""},{\""name\"":\""Harsh K.\"",\""image\"":\""\"",\""character\"":\""Hastar\"",\""additional\"":\""\""},{\""name\"":\""Piyush Kaushik\"",\""image\"":\""https://m.media-amazon.com/images/M/MV5BNzZkNTUzZDgtZWVhYS00OGE0LThlY2EtZjdlYWJlZWY5YzE4XkEyXkFqcGc@._V1_.jpg\"",\""character\"":\""Grandmother\"",\""additional\"":\""\""},{\""name\"":\""Harish Khanna\"",\""image\"":\""https://m.media-amazon.com/images/M/MV5BYjJmNjE3MDYtOWFmOC00ODlmLWFlZDktYjhiNjcwYzhlYmJlXkEyXkFqcGc@._V1_.jpg\"",\""character\"":\""Raja - Samsthanik\"",\""additional\"":\""\""},{\""name\"":\""Anika Radhakrishnan\"",\""image\"":\""\"",\""character\"":\""Twin\"",\""additional\"":\""\""},{\""name\"":\""Arohi Radhakrishnan\"",\""image\"":\""\"",\""character\"":\""Twin\"",\""additional\"":\""\""},{\""name\"":\""Mohammad Samad\"",\""image\"":\""\"",\""character\"":\""Pandurang\"",\""additional\"":\""as Mohd Samad\""},{\""name\"":\""Rudra Soni\"",\""image\"":\""\"",\""character\"":\""Sadashiv\"",\""additional\"":\""\""},{\""name\"":\""Rahi Anil Barve\"",\""image\"":\""\"",\""character\"":\""N/A\"",\""additional\"":\""\""},{\""name\"":\""Anand Gandhi\"",\""image\"":\""https://m.media-amazon.com/images/M/MV5BMTgwNzY5YzktYTczZS00OWNlLTg2MmMtOWE4NWIyODIxNDI1XkEyXkFqcGc@._V1_.jpg\"",\""character\"":\""N/A\"",\""additional\"":\""\""},{\""name\"":\""Adesh Prasad\"",\""image\"":\""\"",\""character\"":\""N/A\"",\""additional\"":\""\""},{\""name\"":\""Mitesh Shah\"",\""image\"":\""\"",\""character\"":\""N/A\"",\""additional\"":\""\""},{\""name\"":\""Adesh Prasad\"",\""image\"":\""\"",\""character\"":\""N/A\"",\""additional\"":\""\""}]"""
tt0367110,Swades,"['Drama', 'Musical']",2004,5.0,"{Drama,Musical} A successful Indian scientist returns to an Indian village to take his nanny to America with him and in the process rediscovers his roots. ""[{\""name\"":\""Shah Rukh Khan\"",\""image\"":\""https://m.media-amazon.com/images/M/MV5BODk3OWIyY2MtM2E0MS00OWYyLTlkNDktMzY4MTE1MDhiYzBiXkEyXkFqcGc@._V1_.jpg\"",\""character\"":\""Mohan Bhargava\"",\""additional\"":\""\""},{\""name\"":\""Gayatri Joshi\"",\""image\"":\""https://m.media-amazon.com/images/M/MV5BOTg5MmI2OTMtOTA1NC00YzU5LWI2MjItZjY5NjI4NjAyOTk4XkEyXkFqcGc@._V1_.jpg\"",\""character\"":\""Gita\"",\""additional\"":\""\""},{\""name\"":\""Kishori Ballal\"",\""image\"":\""\"",\""character\"":\""Kaveri amma\"",\""additional\"":\""\""},{\""name\"":\""Smith Seth\"",\""image\"":\""https://m.media-amazon.com/images/M/MV5BNjJkYjA5NzctNjU3YS00MmM0LTg2NGEtNjk4ZjVlYmVmYjk0XkEyXkFqcGc@._V1_.jpg\"",\""character\"":\""Nandan 'Chiku'\"",\""additional\"":\""as Master Smith Seth\""},{\""name\"":\""Lekh Tandon\"",\""image\"":\""https://m.media-amazon.com/images/M/MV5BZmVkM2E0MzgtYWJjNi00OTEwLThkYmYtMzFlMTEzNWM3Yjg1XkEyXkFqcGc@._V1_.jpg\"",\""character\"":\""Dadaji - Freedom Fighter\"",\""additional\"":\""\""},{\""name\"":\""Rajesh Vivek\"",\""image\"":\""https://m.media-amazon.com/images/M/MV5BNDRlNTM4NGUtOGM5Zi00Mzk4LTg2NjEtMTA2ZTE2MDQ1YjdkXkEyXkFqcGc@._V1_.jpg\"",\""character\"":\""Nivaran Dayal Shrivastav\"",\""additional\"":\""\""},{\""name\"":\""Dayashankar Pandey\"",\""image\"":\""https://m.media-amazon.com/images/M/MV5BYTUxNDYyMWQtZTIxZC00ODcxLTliMDgtMWUyODE3YzY2NzNhXkEyXkFqcGc@._V1_.jpg\"",\""character\"":\""Mela Ram\"",\""additional\"":\""as Dayashanker Pandey\""},{\""name\"":\""Bachan Pachehra\"",\""image\"":\""https://m.media-amazon.com/images/M/MV5BMWRmODg4MWMtOWQ3Zi00OWZmLTg1NjMtMDkxMmQyODBjMTYxXkEyXkFqcGc@._V1_.jpg\"",\""character\"":\""Haridas\"",\""additional\"":\""as Bachan Pachera\""},{\""name\"":\""Rajesh Balwani\"",\""image\"":\""\"",\""character\"":\""Rahul Sinha\"",\""additional\"":\""\""},{\""name\"":\""Vishnudutt Gaur\"",\""image\"":\""\"",\""character\"":\""Mr. Vishnu Dutt (Village Panchayat Member)\"",\""additional\"":\""\""},{\""name\"":\""Rahul Vohra\"",\""image\"":\""https://m.media-amazon.com/images/M/MV5BZDY2YmFkNjUtY2IyYi00OTlmLWJmYWUtNmQwYTZhNTU5YWU4XkEyXkFqcGc@._V1_.jpg\"",\""character\"":\""Vinod Raaz\"",\""additional\"":\""as Rahul Vora\""},{\""name\"":\""Farrukh Jaffar\"",\""image\"":\""https://m.media-amazon.com/images/M/MV5BMDE1YzE2ZjYtYzVkNy00OGI3LTgzZjAtODcxNWRjZDc0NTVkXkEyXkFqcGc@._V1_.jpg\"",\""character\"":\""Panch Fatima Bi\"",\""additional\"":\""\""},{\""name\"":\""V.M. Badola\"",\""image\"":\""https://m.media-amazon.com/images/M/MV5BMTAwMzYzNDctNGM0Yi00Mzc5LWI1MzktNDkwMmQ1ZTI5ZmZhXkEyXkFqcGc@._V1_.jpg\"",\""character\"":\""Panch Munishwar\"",\""additional\"":\""as Visshwa S. Badola\""},{\""name\"":\""Bhim Vakani\"",\""image\"":\""\"",\""character\"":\""Panch Narayan\"",\""additional\"":\""\""},{\""name\"":\""Dilip Ambekar\"",\""image\"":\""\"",\""character\"":\""Panch Hariya\"",\""additional\"":\""\""},{\""name\"":\""Raja Awasthi\"",\""image\"":\""\"",\""character\"":\""Panch Gungadin\"",\""additional\"":\""\""},{\""name\"":\""Peter Rawley\"",\""image\"":\""\"",\""character\"":\""John Stockton\"",\""additional\"":\""\""},{\""name\"":\""Mary Guyer\"",\""image\"":\""\"",\""character\"":\""NASA Controller\"",\""additional\"":\""\""},{\""name\"":\""Makrand Deshpande\"",\""image\"":\""https://m.media-amazon.com/images/M/MV5BZThmYzRiYzEtN2JhNS00ZTdhLTk0NzktYzhlYjQzNGJmNDg3XkEyXkFqcGc@._V1_.jpg\"",\""character\"":\""Fakir\"",\""additional\"":\""as Makarand Deshpande\""},{\""name\"":\""Mayuri Bagade\"",\""image\"":\""\"",\""character\"":\""Book Store Girl\"",\""additional\"":\""\""}]"""
tt0420332,Veer-Zaara,"['Drama', 'Family', 'Musical', 'Romance']",2004,,"{Drama,Family,Musical,Romance} ""Veer-Zaara"" is a saga of love, separation, courage, and sacrifice. A love story that is an inspiration and will remain a legend forever. ""[{\""name\"":\""Shah Rukh Khan\"",\""image\"":\""https://m.media-amazon.com/images/M/MV5BODk3OWIyY2MtM2E0MS00OWYyLTlkNDktMzY4MTE1MDhiYzBiXkEyXkFqcGc@._V1_.jpg\"",\""character\"":\""Veer Pratap Singh\"",\""additional\"":\""\""},{\""name\"":\""Preity G Zinta\"",\""image\"":\""https://m.media-amazon.com/images/M/MV5BNjM3NzY5ODkwNl5BMl5BanBnXkFtZTcwMDUwMDgxOA@@._V1_.jpg\"",\""character\"":\""Zaara Hayaat Khan\"",\""additional\"":\""as Preity Zinta\""},{\""name\"":\""Rani Mukerji\"",\""image\"":\""https://m.media-amazon.com/images/M/MV5BMjI4MjI2MTEwOV5BMl5BanBnXkFtZTgwMzkxMDU0OTE@._V1_.jpg\"",\""character\"":\""Saamiya Siddiqui\"",\""additional\"":\""\""},{\""name\"":\""Kirron Kher\"",\""image\"":\""https://m.media-amazon.com/images/M/MV5BZjY5MjdjMzktNzFiNC00NjUwLThkNTktOGIwMjZjODAxNDk3XkEyXkFqcGc@._V1_.jpg\"",\""character\"":\""Mariam Hayaat Khan\"",\""additional\"":\""\""},{\""name\"":\""Divya Dutta\"",\""image\"":\""https://m.media-amazon.com/images/M/MV5BMjA0NDAzMjQ2MV5BMl5BanBnXkFtZTcwNzMzMTMzMg@@._V1_.jpg\"",\""character\"":\""Shabina 'Shabbo' Ibrahim\"",\""additional\"":\""\""},{\""name\"":\""Boman Irani\"",\""image\"":\""https://m.media-amazon.com/images/M/MV5BM2NhNWMzNDAtYzdhMS00ZDE5LWIyNGItMTkzYWI5YjhjMzZjXkEyXkFqcGc@._V1_.jpg\"",\""character\"":\""Jahangir Hayaat Khan\"",\""additional\"":\""\""},{\""name\"":\""Anupam Kher\"",\""image\"":\""https://m.media-amazon.com/images/M/MV5BMWI1MGI2MWQtNjM1NS00NDg3LTg5ZmMtNzI3YzM2YjNiYjFiXkEyXkFqcGc@._V1_.jpg\"",\""character\"":\""Zakir Ahmed\"",\""additional\"":\""\""},{\""name\"":\""Amitabh Bachchan\"",\""image\"":\""https://m.media-amazon.com/images/M/MV5BNTk1OTUxMzIzMV5BMl5BanBnXkFtZTcwMzMxMjI0Nw@@._V1_.jpg\"",\""character\"":\""Chaudhary Sumer Singh\"",\""additional\"":\""\""},{\""name\"":\""Hema Malini\"",\""image\"":\""https://m.media-amazon.com/images/M/MV5BMTAxNjkwODczMzleQTJeQWpwZ15BbWU3MDY2NzA4MTg@._V1_.jpg\"",\""character\"":\""Saraswati Kaur\"",\""additional\"":\""\""},{\""name\"":\""Manoj Bajpayee\"",\""image\"":\""https://m.media-amazon.com/images/M/MV5BNzI4NjdkNmYtOTE4MS00ZGE0LWFlNTItYjk2M2I2M2Q1MzBjXkEyXkFqcGc@._V1_.jpg\"",\""character\"":\""Razaa Shirazi\"",\""additional\"":\""as Manoj Bajpai\""},{\""name\"":\""Zohra Sehgal\"",\""image\"":\""https://m.media-amazon.com/images/M/MV5BOGE4OTljYmYtM2RmMy00NmU2LWI4M2MtNDg2NjExMmNiMjQxXkEyXkFqcGc@._V1_.jpg\"",\""character\"":\""Zahida 'Bebe' Hayaat Khan\"",\""additional\"":\""\""},{\""name\"":\""S.M. Zaheer\"",\""image\"":\""\"",\""character\"":\""Pakistani Court Judge\"",\""additional\"":\""\""},{\""name\"":\""Tom Alter\"",\""image\"":\""https://m.media-amazon.com/images/M/MV5BYjYwMTlmMDAtYWYxYi00OWRiLTg3NjYtZjdiN2QwZTBkY2RmXkEyXkFqcGc@._V1_.jpg\"",\""character\"":\""Dr. Yusuf\"",\""additional\"":\""\""},{\""name\"":\""Akhilendra Mishra\"",\""image\"":\""https://m.media-amazon.com/images/M/MV5BYjE1NmYzODgtMDE1Yy00ZDAwLThjNzYtODZjMGU3YWIzNTcwXkEyXkFqcGc@._V1_.jpg\"",\""character\"":\""Malkaat (Jailor)\"",\""additional\"":\""\""},{\""name\"":\""Arun Bali\"",\""image\"":\""https://m.media-amazon.com/images/M/MV5BYmRjYzBhMmYtODQ2Yy00MDMxLWFmZjItMzMzZGRjZWI4NGVjXkEyXkFqcGc@._V1_.jpg\"",\""character\"":\""Abdul Malik Shirazi\"",\""additional\"":\""\""},{\""name\"":\""Rushad Rana\"",\""image\"":\""https://m.media-amazon.com/images/M/MV5BMDliMmNhNGEtMTYyNi00YTI2LWFlNDEtM2I2NmMyNDdhZDU5XkEyXkFqcGc@._V1_.jpg\"",\""character\"":\""Sahir\"",\""additional\"":\""\""},{\""name\"":\""Balwant Bansal\"",\""image\"":\""\"",\""character\"":\""Singer\"",\""additional\"":\""\""},{\""name\"":\""Vicky Ahuja\"",\""image\"":\""https://m.media-amazon.com/images/M/MV5BNTVjNmYzZDAtZTBlMi00ODZiLWI0Y2YtNjg4NzMwN2RhYWZkXkEyXkFqcGc@._V1_.jpg\"",\""character\"":\""Police Officer\"",\""additional\"":\""\""},{\""name\"":\""Ranjeev Verma\"",\""image\"":\""https://m.media-amazon.com/images/M/MV5BNTliNjgxM2UtZDliNS00MmMwLTg0MDItMzhhOTIxYWZlNTViXkEyXkFqcGc@._V1_.jpg\"",\""character\"":\""Police Officer\"",\""additional\"":\""\""},{\""name\"":\""Kulbir Badesron\"",\""image\"":\""https://m.media-amazon.com/images/M/MV5BMTI5Mjc2MzUtMjdiZS00NjNkLTk4YzItZWVhMDk2M2E3OWE2XkEyXkFqcGc@._V1_.jpg\"",\""character\"":\""Woman in Veer's village\"",\""additional\"":\""as Kulbir Baderson\""}]"""
tt0164538,Dil Se..,"['Drama', 'Romance']",1998,,"{Drama,Romance} A radio broadcaster's intense attraction to a mysterious woman opens the door to a tidal wave of powerful emotions and desires. ""[{\""name\"":\""Shah Rukh Khan\"",\""image\"":\""https://m.media-amazon.com/images/M/MV5BODk3OWIyY2MtM2E0MS00OWYyLTlkNDktMzY4MTE1MDhiYzBiXkEyXkFqcGc@._V1_.jpg\"",\""character\"":\""Amarkanth Varma\"",\""additional\"":\""\""},{\""name\"":\""Manisha Koirala\"",\""image\"":\""https://m.media-amazon.com/images/M/MV5BMjMwMDMxOTQ1OV5BMl5BanBnXkFtZTcwNzIyMjcwNQ@@._V1_.jpg\"",\""character\"":\""Meghna\"",\""additional\"":\""\""},{\""name\"":\""Preity G Zinta\"",\""image\"":\""https://m.media-amazon.com/images/M/MV5BNjM3NzY5ODkwNl5BMl5BanBnXkFtZTcwMDUwMDgxOA@@._V1_.jpg\"",\""character\"":\""Preeti Nair\"",\""additional\"":\""as Preity Zinta\""},{\""name\"":\""Raghubir Yadav\"",\""image\"":\""https://m.media-amazon.com/images/M/MV5BMDEwZWYzZTItNzcyZS00ZThmLTk4MzEtYzg3NTBhYzlhNGIxXkEyXkFqcGc@._V1_.jpg\"",\""character\"":\""Shukla\"",\""additional\"":\""as Raghuvir Yadhav\""},{\""name\"":\""Sabyasachi Chakrabarty\"",\""image\"":\""https://m.media-amazon.com/images/M/MV5BN2ZiMTg4Y2UtNWY2MS00MTZkLTliYTUtMjNhNTY1OGUxYmIzXkEyXkFqcGc@._V1_.jpg\"",\""character\"":\""N/A\"",\""additional\"":\""\""},{\""name\"":\""Piyush Mishra\"",\""image\"":\""https://m.media-amazon.com/images/M/MV5BNjE1MzMwY2MtMzExMy00MThkLTg1M2EtNzM1Y2U1ZjQ2YTIzXkEyXkFqcGc@._V1_.jpg\"",\""character\"":\""N/A\"",\""additional\"":\""\""},{\""name\"":\""Krishnakant\"",\""image\"":\""https://m.media-amazon.com/images/M/MV5BYjgzMDQ0YmItODRiMi00YTNkLThiNzMtY2RhYjZmMGFiZmQ5XkEyXkFqcGc@._V1_.jpg\"",\""character\"":\""N/A\"",\""additional\"":\""as Krisnkant\""},{\""name\"":\""Aditya Srivastav\"",\""image\"":\""https://m.media-amazon.com/images/M/MV5BNzRiN2Y4ZGUtOWMxMS00YWU4LTg5NWYtOTBlOWVkODYyZTk1XkEyXkFqcGc@._V1_.jpg\"",\""character\"":\""N/A\"",\""additional\"":\""\""},{\""name\"":\""Ken Philip\"",\""image\"":\""\"",\""character\"":\""N/A\"",\""additional\"":\""as Ken Phillip\""},{\""name\"":\""Sanjay Mishra\"",\""image\"":\""https://m.media-amazon.com/images/M/MV5BMTM0OTU2NDYyNl5BMl5BanBnXkFtZTYwNTYyNDgy._V1_.jpg\"",\""character\"":\""N/A\"",\""additional\"":\""\""},{\""name\"":\""Mita Vashisht\"",\""image\"":\""https://m.media-amazon.com/images/M/MV5BMjI5NTFmYjAtMTI1Zi00N2ZkLWFhYjItZjYxOTg0ZTAzMmI0XkEyXkFqcGc@._V1_.jpg\"",\""character\"":\""Mita (female terrorist)\"",\""additional\"":\""\""},{\""name\"":\""Arundhati Rao\"",\""image\"":\""\"",\""character\"":\""N/A\"",\""additional\"":\""as Arundathi Rao\""},{\""name\"":\""Malaika Arora\"",\""image\"":\""https://m.media-amazon.com/images/M/MV5BMTQ5ODUzMjkzMl5BMl5BanBnXkFtZTgwODI3OTczOTE@._V1_.jpg\"",\""character\"":\""Dancer on train\"",\""additional\"":\""\""},{\""name\"":\""Gautam Bora\"",\""image\"":\""\"",\""character\"":\""N/A\"",\""additional\"":\""\""},{\""name\"":\""Manjit Bawa\"",\""image\"":\""\"",\""character\"":\""N/A\"",\""additional\"":\""as Manjith Bawa\""},{\""name\"":\""Zohra Sehgal\"",\""image\"":\""https://m.media-amazon.com/images/M/MV5BOGE4OTljYmYtM2RmMy00NmU2LWI4M2MtNDg2NjExMmNiMjQxXkEyXkFqcGc@._V1_.jpg\"",\""character\"":\""Grandmother\"",\""additional\"":\""as Zora Seghal\""},{\""name\"":\""B.M. Shah\"",\""image\"":\""\"",\""character\"":\""N/A\"",\""additional\"":\""as Late B.M. Shah\""},{\""name\"":\""Gajraj Rao\"",\""image\"":\""https://m.media-amazon.com/images/M/MV5BY2Y5NTRhYTQtYjEzZi00NTVlLWIyMDEtZjFjNTE5OTM2NmExXkEyXkFqcGc@._V1_.jpg\"",\""character\"":\""N/A\"",\""additional\"":\""as Gajaraj Rao\""},{\""name\"":\""Raja Sharma\"",\""image\"":\""\"",\""character\"":\""N/A\"",\""additional\"":\""\""},{\""name\"":\""Laxmi Rattan\"",\""image\"":\""\"",\""character\"":\""N/A\"",\""additional\"":\""as Lakshmi Rattan\""}]"""
tt0451850,Paheli,"['Comedy', 'Drama', 'Fantasy', 'Musical', 'Romance']",2005,,"{Comedy,Drama,Fantasy,Musical,Romance} A folk tale - supernatural love story about a ghost who falls in love with a newlywed woman. ""[{\""name\"":\""Shah Rukh Khan\"",\""image\"":\""https://m.media-amazon.com/images/M/MV5BODk3OWIyY2MtM2E0MS00OWYyLTlkNDktMzY4MTE1MDhiYzBiXkEyXkFqcGc@._V1_.jpg\"",\""character\"":\""Kishan Laal\"",\""additional\"":\""\""},{\""name\"":\""Rani Mukerji\"",\""image\"":\""https://m.media-amazon.com/images/M/MV5BMjI4MjI2MTEwOV5BMl5BanBnXkFtZTgwMzkxMDU0OTE@._V1_.jpg\"",\""character\"":\""Lachchi\"",\""additional\"":\""\""},{\""name\"":\""Anupam Kher\"",\""image\"":\""https://m.media-amazon.com/images/M/MV5BMWI1MGI2MWQtNjM1NS00NDg3LTg5ZmMtNzI3YzM2YjNiYjFiXkEyXkFqcGc@._V1_.jpg\"",\""character\"":\""Bhanwarlal\"",\""additional\"":\""\""},{\""name\"":\""Naseeruddin Shah\"",\""image\"":\""https://m.media-amazon.com/images/M/MV5BMTQ4MDcyOTExOV5BMl5BanBnXkFtZTgwOTQyMDU0OTE@._V1_.jpg\"",\""character\"":\""Male Puppet\"",\""additional\"":\""voice\""},{\""name\"":\""Ratna Pathak Shah\"",\""image\"":\""https://m.media-amazon.com/images/M/MV5BMjQwMzc5NDQ0NF5BMl5BanBnXkFtZTgwNDg1ODA0OTE@._V1_.jpg\"",\""character\"":\""Female Puppet\"",\""additional\"":\""voice\""},{\""name\"":\""Amitabh Bachchan\"",\""image\"":\""https://m.media-amazon.com/images/M/MV5BNTk1OTUxMzIzMV5BMl5BanBnXkFtZTcwMzMxMjI0Nw@@._V1_.jpg\"",\""character\"":\""The Shepherd (Special Appearance)\"",\""additional\"":\""\""},{\""name\"":\""Suniel Shetty\"",\""image\"":\""https://m.media-amazon.com/images/M/MV5BODUwMzUyNTUxMl5BMl5BanBnXkFtZTcwNDM2ODIyOA@@._V1_.jpg\"",\""character\"":\""Sunderlal (Special Appearance)\"",\""additional\"":\""\""},{\""name\"":\""Juhi Chawla\"",\""image\"":\""https://m.media-amazon.com/images/M/MV5BMDczODM2NDgtNTM2My00MDg3LWE2YzktMDQ5NThkY2FhODIwXkEyXkFqcGc@._V1_.jpg\"",\""character\"":\""Gajrobai (Special Appearance)\"",\""additional\"":\""\""},{\""name\"":\""Dilip Prabhawalkar\"",\""image\"":\""https://m.media-amazon.com/images/M/MV5BMjIzNTQ5ODI4OV5BMl5BanBnXkFtZTgwODkzMjQ2MDI@._V1_.jpg\"",\""character\"":\""Kanwarlal\"",\""additional\"":\""as Dilip Prabhavalkar\""},{\""name\"":\""Neena Kulkarni\"",\""image\"":\""https://m.media-amazon.com/images/M/MV5BOTNmY2JiNzEtM2EyYS00YWFlLTlhYTUtMzVjZmE1ZmMwZWUyXkEyXkFqcGc@._V1_.jpg\"",\""character\"":\""Mrs. Bhanwarlal\"",\""additional\"":\""\""},{\""name\"":\""Padma Rani\"",\""image\"":\""\"",\""character\"":\""Bhanwarlal's aunt\"",\""additional\"":\""\""},{\""name\"":\""Rajpal Naurang Yadav\"",\""image\"":\""https://m.media-amazon.com/images/M/MV5BMTQ3MTI4MzUyNl5BMl5BanBnXkFtZTgwMjAzMTMzOTE@._V1_.jpg\"",\""character\"":\""Bhoja\"",\""additional\"":\""\""},{\""name\"":\""Aditi Govitrikar\"",\""image\"":\""https://m.media-amazon.com/images/M/MV5BMjFmZjZhNjUtYTU3ZC00ZjhkLWJkYzItZjE0ODMyNDFmZGQ3XkEyXkFqcGc@._V1_.jpg\"",\""character\"":\""Kamli\"",\""additional\"":\""\""},{\""name\"":\""Somesh Agarwal\"",\""image\"":\""https://m.media-amazon.com/images/M/MV5BMjMwZTFjNmQtMmRmNS00YWU0LWFlNzEtMjBlMDIwYzM4MTkwXkEyXkFqcGc@._V1_.jpg\"",\""character\"":\""Mangilal\"",\""additional\"":\""\""},{\""name\"":\""Mohan Bhandari\"",\""image\"":\""https://m.media-amazon.com/images/M/MV5BNzQwYjY3MTAtNWZmNi00Y2QyLWI1MzEtOGMzN2IzYTlmNjljXkEyXkFqcGc@._V1_.jpg\"",\""character\"":\""Thakur\"",\""additional\"":\""\""},{\""name\"":\""Rajneesh Dubey\"",\""image\"":\""https://m.media-amazon.com/images/M/MV5BNzNjMWJjYWItMjY5ZC00NTYyLTk0OTItYjU1ODcxZjVjYzU2XkEyXkFqcGc@._V1_.jpg\"",\""character\"":\""Ram\"",\""additional\"":\""\""},{\""name\"":\""A.K. Hangal\"",\""image\"":\""https://m.media-amazon.com/images/M/MV5BNjhkODg0YjAtOTRiZS00MmE0LWIxYjctMjVjZDhkYzBmZGFmXkEyXkFqcGc@._V1_.jpg\"",\""character\"":\""Jeevraj\"",\""additional\"":\""\""},{\""name\"":\""Preeti Gupta\"",\""image\"":\""\"",\""character\"":\""The berries girl\"",\""additional\"":\""\""},{\""name\"":\""Nikhil Ratnaparkhi\"",\""image\"":\""https://m.media-amazon.com/images/M/MV5BNTljNjkxZGUtOTc5NC00YWViLWFjYWEtNGQyZmRkZmI1MzFlXkEyXkFqcGc@._V1_.jpg\"",\""character\"":\""Banwari\"",\""additional\"":\""\""},{\""name\"":\""Aashif Sheikh\"",\""image\"":\""https://m.media-amazon.com/images/M/MV5BMjM1NmYxOWItNDk5Ni00NGYyLWFjZjctZGQ0ODIzN2Q2M2ViXkEyXkFqcGc@._V1_.jpg\"",\""character\"":\""Ghost\"",\""additional\"":\""\""}]"""
tt4635372,Masaan,['Drama'],2015,,"{Drama} Along India's Ganges River, four people face prejudice, a strict moral code and a punishing caste system as they confront personal tragedies. ""[{\""name\"":\""Richa Chadha\"",\""image\"":\""https://m.media-amazon.com/images/M/MV5BODYxMjc3NmYtYzlmOS00OWJiLThhMGUtYjE2MzlmNzc2NDg4XkEyXkFqcGc@._V1_.jpg\"",\""character\"":\""Devi Pathak\"",\""additional\"":\""as Richa Chadda\""},{\""name\"":\""Sanjay Mishra\"",\""image\"":\""https://m.media-amazon.com/images/M/MV5BMTM0OTU2NDYyNl5BMl5BanBnXkFtZTYwNTYyNDgy._V1_.jpg\"",\""character\"":\""Vidyadhar Pathak\"",\""additional\"":\""\""},{\""name\"":\""Vicky Kaushal\"",\""image\"":\""https://m.media-amazon.com/images/M/MV5BZDQ0ZGVmMzQtNzY2NS00YWY1LThhNzEtNGEwNjBhMWI3NWIzXkEyXkFqcGc@._V1_.jpg\"",\""character\"":\""Deepak Chaudhary\"",\""additional\"":\""\""},{\""name\"":\""Pankaj Tripathi\"",\""image\"":\""https://m.media-amazon.com/images/M/MV5BYjU5NGViZTMtM2QwMy00MmFkLTg5MjAtYzdhZWJlNDM3YjA0XkEyXkFqcGc@._V1_.jpg\"",\""character\"":\""Sadhya Ji\"",\""additional\"":\""as Pankaj Tripathy\""},{\""name\"":\""Vineet Kumar\"",\""image\"":\""https://m.media-amazon.com/images/M/MV5BZTFkNzFiZTgtMzc4OC00MDY0LThiZjQtYzhmMDExMGM0NzBiXkEyXkFqcGc@._V1_.jpg\"",\""character\"":\""Doctor Chaudhary\"",\""additional\"":\""\""},{\""name\"":\""Bhagwan Tiwari\"",\""image\"":\""\"",\""character\"":\""Inspector Mishra\"",\""additional\"":\""\""},{\""name\"":\""Bhupesh Singh\"",\""image\"":\""https://m.media-amazon.com/images/M/MV5BNDA5ODU3NmItMWUyYi00NWY0LWIxMTktYTgyN2IzZGEyZDViXkEyXkFqcGc@._V1_.jpg\"",\""character\"":\""Sikander Chaudhary\"",\""additional\"":\""\""},{\""name\"":\""Satya Kam Anand\"",\""image\"":\""\"",\""character\"":\""Vikram Mallah\"",\""additional\"":\""\""},{\""name\"":\""Saurabh Choudhary\"",\""image\"":\""\"",\""character\"":\""Piyush Agarwal\"",\""additional\"":\""as Saurabh Chadhary\""},{\""name\"":\""Nikhil Sahni\"",\""image\"":\""\"",\""character\"":\""Jhonta\"",\""additional\"":\""\""},{\""name\"":\""Anand Singh\"",\""image\"":\""\"",\""character\"":\""Hawaldar #1\"",\""additional\"":\""\""},{\""name\"":\""Tilak Rai Mishra\"",\""image\"":\""\"",\""character\"":\""Hawaldar #2\"",\""additional\"":\""\""},{\""name\"":\""Priyanka Rai\"",\""image\"":\""\"",\""character\"":\""Female Cop\"",\""additional\"":\""\""},{\""name\"":\""Vineeta Motilal\"",\""image\"":\""\"",\""character\"":\""Shanti Chaudhary\"",\""additional\"":\""\""},{\""name\"":\""Bineeta Sharma\"",\""image\"":\""\"",\""character\"":\""Rani Chaudhary\"",\""additional\"":\""\""},{\""name\"":\""Vijay Prakash Shrivastav\"",\""image\"":\""\"",\""character\"":\""Shambhu Chacha\"",\""additional\"":\""\""},{\""name\"":\""Aditya Sinha\"",\""image\"":\""\"",\""character\"":\""Student #1\"",\""additional\"":\""\""},{\""name\"":\""Pushkar Tripathi\"",\""image\"":\""\"",\""character\"":\""Student #2\"",\""additional\"":\""\""},{\""name\"":\""Anoop Motilal\"",\""image\"":\""\"",\""character\"":\""Motilal\"",\""additional\"":\""\""},{\""name\"":\""Amitabh Bhattacharya\"",\""image\"":\""\"",\""character\"":\""Professor Karki\"",\""additional\"":\""\""}]"""
tt0371746,Iron Man,"['Action', 'Adventure', 'Sci-Fi']",2008,,"{Action,Adventure,Sci-Fi} After being held captive in an Afghan cave, billionaire engineer Tony Stark creates a unique weaponized suit of armor to fight evil. ""[{\""name\"":\""Robert Downey Jr.\"",\""image\"":\""https://m.media-amazon.com/images/M/MV5BNzg1MTUyNDYxOF5BMl5BanBnXkFtZTgwNTQ4MTE2MjE@._V1_.jpg\"",\""character\"":\""Tony Stark\"",\""additional\"":\""\""},{\""name\"":\""Terrence Howard\"",\""image\"":\""https://m.media-amazon.com/images/M/MV5BMTk3NTY4NzgyOV5BMl5BanBnXkFtZTcwODEzNTkxNg@@._V1_.jpg\"",\""character\"":\""Rhodey\"",\""additional\"":\""\""},{\""name\"":\""Jeff Bridges\"",\""image\"":\""https://m.media-amazon.com/images/M/MV5BNTU1NjM4MDYzMl5BMl5BanBnXkFtZTcwMjIwMjMyMw@@._V1_.jpg\"",\""character\"":\""Obadiah Stane\"",\""additional\"":\""\""},{\""name\"":\""Gwyneth Paltrow\"",\""image\"":\""https://m.media-amazon.com/images/M/MV5BNzIxOTQ1NTU1OV5BMl5BanBnXkFtZTcwMTQ4MDY0Nw@@._V1_.jpg\"",\""character\"":\""Pepper Potts\"",\""additional\"":\""\""},{\""name\"":\""Leslie Bibb\"",\""image\"":\""https://m.media-amazon.com/images/M/MV5BMTg2NzAzNzE5N15BMl5BanBnXkFtZTcwMjMyODM0MQ@@._V1_.jpg\"",\""character\"":\""Christine Everhart\"",\""additional\"":\""\""},{\""name\"":\""Shaun Toub\"",\""image\"":\""https://m.media-amazon.com/images/M/MV5BN2IzNzA2ZTYtYTRiOS00ZmM0LWJlMGMtOTI0NzdkOGRiNjFlXkEyXkFqcGc@._V1_.jpg\"",\""character\"":\""Yinsen\"",\""additional\"":\""\""},{\""name\"":\""Faran Tahir\"",\""image\"":\""https://m.media-amazon.com/images/M/MV5BOTg4MWY0ZDctYzFiNC00OWY0LWIwNjMtMGFmNTA1MmNlYWViXkEyXkFqcGc@._V1_.jpg\"",\""character\"":\""Raza\"",\""additional\"":\""\""},{\""name\"":\""Clark Gregg\"",\""image\"":\""https://m.media-amazon.com/images/M/MV5BZTI2OTY4MzMtZmFiMi00YWMwLWIxMjItNDA2ZGRiNDg5NDYzXkEyXkFqcGc@._V1_.jpg\"",\""character\"":\""Agent Coulson\"",\""additional\"":\""\""},{\""name\"":\""Bill Smitrovich\"",\""image\"":\""https://m.media-amazon.com/images/M/MV5BYjJhMzYzNGYtMGFmZi00ZmU3LWE4MzctNWZkNDljZmNlY2NkXkEyXkFqcGc@._V1_.jpg\"",\""character\"":\""General Gabriel\"",\""additional\"":\""\""},{\""name\"":\""Sayed Badreya\"",\""image\"":\""https://m.media-amazon.com/images/M/MV5BZTI2ZTM1ZGEtYTgxZC00MDM4LWJhOWUtOTc4ZWM3M2YxMjYxXkEyXkFqcGc@._V1_.jpg\"",\""character\"":\""Abu Bakaar\"",\""additional\"":\""\""},{\""name\"":\""Paul Bettany\"",\""image\"":\""https://m.media-amazon.com/images/M/MV5BNDVmNGMzMWQtOGRjNi00NDAwLThjMmEtMThiZjI1OWEyYTA0XkEyXkFqcGc@._V1_.jpg\"",\""character\"":\""Jarvis\"",\""additional\"":\""voice\""},{\""name\"":\""Jon Favreau\"",\""image\"":\""https://m.media-amazon.com/images/M/MV5BNzBiZGI5MmMtOWEzYi00ZDgwLTg4MGEtOTBjMmE1Y2ZiNDg5XkEyXkFqcGc@._V1_.jpg\"",\""character\"":\""Hogan\"",\""additional\"":\""\""},{\""name\"":\""Peter Billingsley\"",\""image\"":\""https://m.media-amazon.com/images/M/MV5BMTA4NDg5MTc4NzNeQTJeQWpwZ15BbWU3MDEyMDIwNjE@._V1_.jpg\"",\""character\"":\""William Ginter Riva\"",\""additional\"":\""\""},{\""name\"":\""Tim Guinee\"",\""image\"":\""https://m.media-amazon.com/images/M/MV5BYzQxYWM3MDUtMWU4Ni00NTVjLTkxOGEtODJiOTUyZmQ1NDI5XkEyXkFqcGc@._V1_.jpg\"",\""character\"":\""Major Allen\"",\""additional\"":\""\""},{\""name\"":\""Will Lyman\"",\""image\"":\""https://m.media-amazon.com/images/M/MV5BOTQ1MjE3NDM1OF5BMl5BanBnXkFtZTcwNjg1NDIzMQ@@._V1_.jpg\"",\""character\"":\""Award Ceremony Narrator\"",\""additional\"":\""voice\""},{\""name\"":\""Tom Morello\"",\""image\"":\""https://m.media-amazon.com/images/M/MV5BMzQyNjc0NTA5Ml5BMl5BanBnXkFtZTcwNTYwMDc4Ng@@._V1_.jpg\"",\""character\"":\""Guard\"",\""additional\"":\""\""},{\""name\"":\""Marco Khan\"",\""image\"":\""https://m.media-amazon.com/images/M/MV5BZWY4MWU4NTItZjk2ZS00Nzg2LWFhYWUtNGI3NmU4NGE1NGYzXkEyXkFqcGc@._V1_.jpg\"",\""character\"":\""Guard\"",\""additional\"":\""\""},{\""name\"":\""Dastan Khalili\"",\""image\"":\""https://m.media-amazon.com/images/M/MV5BOGQ4OGM1NmYtNzgzMi00MzdhLThlOTgtZTI3MmMzMWExNGU4XkEyXkFqcGc@._V1_.jpg\"",\""character\"":\""Guard\"",\""additional\"":\""as Daston Kalili\""},{\""name\"":\""Ido Mor\"",\""image\"":\""\"",\""character\"":\""Guard\"",\""additional\"":\""as Ido Ezra\""},{\""name\"":\""Kevin Foster\"",\""image\"":\""https://m.media-amazon.com/images/M/MV5BMzY0ODIyNjgtYzZiNy00MDk3LTg2ZTMtMmYxMjM5NTgxYThlXkEyXkFqcGc@._V1_.jpg\"",\""character\"":\""Jimmy\"",\""additional\"":\""\""}]"""
tt0172684,Kuch Kuch Hota Hai,"['Comedy', 'Drama', 'Musical', 'Romance']",1998,,"{Comedy,Drama,Musical,Romance} During their college years, Anjali was in love with her best-friend Rahul, but he had eyes only for Tina. Years later, Rahul and the now-deceased Tina's eight-year-old daughter attempts to reunite her father and Anjali. ""[{\""name\"":\""Shah Rukh Khan\"",\""image\"":\""https://m.media-amazon.com/images/M/MV5BODk3OWIyY2MtM2E0MS00OWYyLTlkNDktMzY4MTE1MDhiYzBiXkEyXkFqcGc@._V1_.jpg\"",\""character\"":\""Rahul Khanna\"",\""additional\"":\""\""},{\""name\"":\""Kajol\"",\""image\"":\""https://m.media-amazon.com/images/M/MV5BMjIwMjQ5MTQ4N15BMl5BanBnXkFtZTgwOTIyMDU0OTE@._V1_.jpg\"",\""character\"":\""Anjali Sharma\"",\""additional\"":\""\""},{\""name\"":\""Rani Mukerji\"",\""image\"":\""https://m.media-amazon.com/images/M/MV5BMjI4MjI2MTEwOV5BMl5BanBnXkFtZTgwMzkxMDU0OTE@._V1_.jpg\"",\""character\"":\""Tina Malhotra\"",\""additional\"":\""as Rani Mukherji\""},{\""name\"":\""Salman Khan\"",\""image\"":\""https://m.media-amazon.com/images/M/MV5BMjMwNTIxODg0OF5BMl5BanBnXkFtZTgwODg2NzM0OTE@._V1_.jpg\"",\""character\"":\""Aman Mehra\"",\""additional\"":\""\""},{\""name\"":\""Sana Saeed\"",\""image\"":\""https://m.media-amazon.com/images/M/MV5BYjE5NDk2OWUtY2MzMy00Y2I5LTkyYWQtM2RmOTY0N2YwNTRiXkEyXkFqcGc@._V1_.jpg\"",\""character\"":\""Anjali Khanna\"",\""additional\"":\""\""},{\""name\"":\""Farida Jalal\"",\""image\"":\""https://m.media-amazon.com/images/M/MV5BMDQ2Yzk1Y2UtY2Y5OS00ZDA2LTkyODQtYzA5NTg0ZWFhMmEzXkEyXkFqcGc@._V1_.jpg\"",\""character\"":\""Mrs. Khanna\"",\""additional\"":\""\""},{\""name\"":\""Reema Lagoo\"",\""image\"":\""https://m.media-amazon.com/images/M/MV5BYWExNWY1NzUtZGJiOS00MTA5LWE3ZGItMGI2ZTA5NmNjNzlhXkEyXkFqcGc@._V1_.jpg\"",\""character\"":\""Mrs. Sharma\"",\""additional\"":\""as Reema\""},{\""name\"":\""Anupam Kher\"",\""image\"":\""https://m.media-amazon.com/images/M/MV5BMWI1MGI2MWQtNjM1NS00NDg3LTg5ZmMtNzI3YzM2YjNiYjFiXkEyXkFqcGc@._V1_.jpg\"",\""character\"":\""Principal Malhotra\"",\""additional\"":\""\""},{\""name\"":\""Archana Puran Singh\"",\""image\"":\""https://m.media-amazon.com/images/M/MV5BMGZmZDYyZjQtNGQxZi00NzYxLTk1ZTMtYmU5ZjcyNDA1NjQ4XkEyXkFqcGc@._V1_.jpg\"",\""character\"":\""Ms. Briganza\"",\""additional\"":\""\""},{\""name\"":\""Himani Shivpuri\"",\""image\"":\""https://m.media-amazon.com/images/M/MV5BM2ExZjk4MmEtOTM2My00Mzk1LThjYTgtZmYyNTljYzYzYjcxXkEyXkFqcGc@._V1_.jpg\"",\""character\"":\""Rifat Bi\"",\""additional\"":\""\""},{\""name\"":\""Johny Lever\"",\""image\"":\""https://m.media-amazon.com/images/M/MV5BMjMyMTQzMjk1MV5BMl5BanBnXkFtZTgwMDg5MTMzOTE@._V1_.jpg\"",\""character\"":\""Col. Almeida, Camp Manager\"",\""additional\"":\""\""},{\""name\"":\""Parzaan Dastur\"",\""image\"":\""https://m.media-amazon.com/images/M/MV5BMjA2ODkyMjI3NV5BMl5BanBnXkFtZTcwOTY0OTY3Mg@@._V1_.jpg\"",\""character\"":\""Silent Sardarji\"",\""additional\"":\""\""},{\""name\"":\""Geeta Kapur\"",\""image\"":\""https://m.media-amazon.com/images/M/MV5BMjM1ZDBjZWEtMWY1ZC00OTcyLTg3OGUtMTQxNGU3M2VhYTYyXkEyXkFqcGc@._V1_.jpg\"",\""character\"":\""Dancer\"",\""additional\"":\""as Geeta Kapoor\""},{\""name\"":\""Farah Khan\"",\""image\"":\""https://m.media-amazon.com/images/M/MV5BMTg3NDQ1NTU1Ml5BMl5BanBnXkFtZTgwNzEzMjgzOTE@._V1_.jpg\"",\""character\"":\""Woman on the Neelam show\"",\""additional\"":\""\""},{\""name\"":\""Nikkhil Advani\"",\""image\"":\""https://m.media-amazon.com/images/M/MV5BNjYwNzhjNjEtNjNhYS00MWFiLTg1M2EtZDcyNDE3ZDZlY2ZiXkEyXkFqcGc@._V1_.jpg\"",\""character\"":\""Guest of Neelam Show\"",\""additional\"":\""uncredited\""},{\""name\"":\""Neelam Kothari\"",\""image\"":\""https://m.media-amazon.com/images/M/MV5BYzEyMGM0N2EtMmMwMi00YmNlLTg3YWMtMDVhNzNjZDE2ZjcxXkEyXkFqcGc@._V1_.jpg\"",\""character\"":\""Neelam the VJ\"",\""additional\"":\""uncredited\""},{\""name\"":\""Chetan Motiwalla\"",\""image\"":\""\"",\""character\"":\""Hippie - Lead Singer\"",\""additional\"":\""uncredited\""},{\""name\"":\""Nilofar\"",\""image\"":\""https://m.media-amazon.com/images/M/MV5BODM4YzQxZTEtOGI0MC00NTM5LTg1MzctYjNmM2NhYzY5YzIyXkEyXkFqcGc@._V1_.jpg\"",\""character\"":\""Roopa\"",\""additional\"":\""uncredited\""},{\""name\"":\""Karan Johar\"",\""image\"":\""https://m.media-amazon.com/images/M/MV5BMTM5Njk5MDI0OV5BMl5BanBnXkFtZTcwOTA0ODE2OQ@@._V1_.jpg\"",\""character\"":\""N/A\"",\""additional\"":\""\""},{\""name\"":\""Karan Johar\"",\""image\"":\""https://m.media-amazon.com/images/M/MV5BMTM5Njk5MDI0OV5BMl5BanBnXkFtZTcwOTA0ODE2OQ@@._V1_.jpg\"",\""character\"":\""N/A\"",\""additional\"":\""\""}]"""
tt0119861,Pardes,"['Drama', 'Musical', 'Romance']",1997,5.0,"{Drama,Musical,Romance} Kishorilal wants an Indian bride for his westernised son. He gets him engaged to Ganga, his friend's daughter, and brings her to USA. But she shares a deeper bond with Arjun, Kishorilal's foster son. ""[{\""name\"":\""Shah Rukh Khan\"",\""image\"":\""https://m.media-amazon.com/images/M/MV5BODk3OWIyY2MtM2E0MS00OWYyLTlkNDktMzY4MTE1MDhiYzBiXkEyXkFqcGc@._V1_.jpg\"",\""character\"":\""Arjun Saagar\"",\""additional\"":\""\""},{\""name\"":\""Mahima Chaudhry\"",\""image\"":\""https://m.media-amazon.com/images/M/MV5BMTQ0Mjc3NjkxN15BMl5BanBnXkFtZTcwMjIyMDU1MQ@@._V1_.jpg\"",\""character\"":\""Kusum Ganga\"",\""additional\"":\""as Mahima Chaudhary\""},{\""name\"":\""Amrish Puri\"",\""image\"":\""https://m.media-amazon.com/images/M/MV5BNjE1YjRlNDAtZTdmMC00ZmIxLTg4YWMtN2I1YmMyNmMyNzljXkEyXkFqcGc@._V1_.jpg\"",\""character\"":\""Kishorilal\"",\""additional\"":\""\""},{\""name\"":\""Apurva Agnihotri\"",\""image\"":\""https://m.media-amazon.com/images/M/MV5BNjA3MmY4NWUtMTFmZi00OWI1LTgzMDAtMDAxZjk2OWYwYTAyXkEyXkFqcGc@._V1_.jpg\"",\""character\"":\""Rajiv\"",\""additional\"":\""\""},{\""name\"":\""Alok Nath\"",\""image\"":\""https://m.media-amazon.com/images/M/MV5BMWNkOWVkZmItZWI5Zi00N2NiLTlhNGQtYjc0YjU4ZTQyMmExXkEyXkFqcGc@._V1_.jpg\"",\""character\"":\""Suraj Dev (Ganga's father)\"",\""additional\"":\""\""},{\""name\"":\""Himani Shivpuri\"",\""image\"":\""https://m.media-amazon.com/images/M/MV5BM2ExZjk4MmEtOTM2My00Mzk1LThjYTgtZmYyNTljYzYzYjcxXkEyXkFqcGc@._V1_.jpg\"",\""character\"":\""Kulwanti\"",\""additional\"":\""\""},{\""name\"":\""Padmavati Rao\"",\""image\"":\""https://m.media-amazon.com/images/M/MV5BZTI1MWNkNzQtNTliYi00YjMxLThjMDgtOGY5MmJjYjM4NjlmXkEyXkFqcGc@._V1_.jpg\"",\""character\"":\""Narmada\"",\""additional\"":\""\""},{\""name\"":\""Madhuri Bhatia\"",\""image\"":\""https://m.media-amazon.com/images/M/MV5BZjA4NWQwZDUtNTQyMy00YjBiLWJjM2QtNzc1Nzk4NmFjYWY0XkEyXkFqcGc@._V1_.jpg\"",\""character\"":\""Neeta\"",\""additional\"":\""\""},{\""name\"":\""Dina Pathak\"",\""image\"":\""https://m.media-amazon.com/images/M/MV5BMGZiZWE0MWEtZjM4Ny00YzI5LWJmM2UtZjkyMWM2NjcwOThjXkEyXkFqcGc@._V1_.jpg\"",\""character\"":\""Dadi Maa\"",\""additional\"":\""\""},{\""name\"":\""Benu Kalsi\"",\""image\"":\""\"",\""character\"":\""Krishna Maa\"",\""additional\"":\""\""},{\""name\"":\""Smita Jaykar\"",\""image\"":\""https://m.media-amazon.com/images/M/MV5BNGM3NDlmZjUtODIxMC00OWFiLWFjZTMtOTc0OTU1ZTAyM2Y4XkEyXkFqcGc@._V1_.jpg\"",\""character\"":\""Padma (Paddy)\"",\""additional\"":\""\""},{\""name\"":\""Pawan Malhotra\"",\""image\"":\""https://m.media-amazon.com/images/M/MV5BMmE3MjQwZTEtNDRkZC00NGU5LThkNzYtZGU4M2YyNTAwOGUzXkEyXkFqcGc@._V1_.jpg\"",\""character\"":\""Sharafat Ali\"",\""additional\"":\""\""},{\""name\"":\""Rakesh Thareja\"",\""image\"":\""\"",\""character\"":\""Paul\"",\""additional\"":\""\""},{\""name\"":\""Ajay Nagrath\"",\""image\"":\""https://m.media-amazon.com/images/M/MV5BZjFmMjUxNGItZWYwMi00ZDkxLTlhYmQtNmE2ODFlNDJlMDE1XkEyXkFqcGc@._V1_.jpg\"",\""character\"":\""Dabboo\"",\""additional\"":\""\""},{\""name\"":\""Aditya Narayan\"",\""image\"":\""https://m.media-amazon.com/images/M/MV5BOTlkMjhjOTMtNWMyYS00ZDg0LWIxYTAtN2VkN2EwZGVjOTg4XkEyXkFqcGc@._V1_.jpg\"",\""character\"":\""Potla\"",\""additional\"":\""\""},{\""name\"":\""Samta Sagar\"",\""image\"":\""\"",\""character\"":\""Sonali\"",\""additional\"":\""as Samata Sagar\""},{\""name\"":\""Prachi Save\"",\""image\"":\""\"",\""character\"":\""Daksha\"",\""additional\"":\""\""},{\""name\"":\""Deepak Qazir\"",\""image\"":\""https://m.media-amazon.com/images/M/MV5BYWFjNTIyMTEtZTg4NC00ZGRhLWFiZWItMjNiMGE0MDBjMTY4XkEyXkFqcGc@._V1_.jpg\"",\""character\"":\""Amirchand\"",\""additional\"":\""\""},{\""name\"":\""Vinod Raut\"",\""image\"":\""\"",\""character\"":\""Garibchand\"",\""additional\"":\""\""},{\""name\"":\""Anand Balraj\"",\""image\"":\""https://m.media-amazon.com/images/M/MV5BZDI1OWM2NDYtODVmZi00ZjgyLWEwYmItNDE1MjA4ZTVjMjhjXkEyXkFqcGc@._V1_.jpg\"",\""character\"":\""Manuchand\"",\""additional\"":\""\""}]"""
tt3783958,La La Land,"['Comedy', 'Drama', 'Music', 'Musical', 'Romance']",2016,,"{Comedy,Drama,Music,Musical,Romance} While navigating their careers in Los Angeles, a pianist and an actress fall in love while attempting to reconcile their aspirations for the future. ""[{\""name\"":\""Ryan Gosling\"",\""image\"":\""https://m.media-amazon.com/images/M/MV5BMTQzMjkwNTQ2OF5BMl5BanBnXkFtZTgwNTQ4MTQ4MTE@._V1_.jpg\"",\""character\"":\""Sebastian\"",\""additional\"":\""\""},{\""name\"":\""Emma Stone\"",\""image\"":\""https://m.media-amazon.com/images/M/MV5BMjI4NjM1NDkyN15BMl5BanBnXkFtZTgwODgyNTY1MjE@._V1_.jpg\"",\""character\"":\""Mia\"",\""additional\"":\""\""},{\""name\"":\""Amiee Conn\"",\""image\"":\""https://m.media-amazon.com/images/M/MV5BMTdkNGE5YjItZDdhNC00N2IwLTk5ZTItNDUzNjY5ZTY0N2ViXkEyXkFqcGc@._V1_.jpg\"",\""character\"":\""Famous Actress\"",\""additional\"":\""as Ami√©e Conn\""},{\""name\"":\""Terry Walters\"",\""image\"":\""https://m.media-amazon.com/images/M/MV5BNDYxOWYyMTgtZTE3NC00MmM5LTg1NGQtMzA2NTUzOTY0MmJlXkEyXkFqcGc@._V1_.jpg\"",\""character\"":\""Linda (Coffee Shop Manager)\"",\""additional\"":\""\""},{\""name\"":\""Thom Shelton\"",\""image\"":\""https://m.media-amazon.com/images/M/MV5BMjU2ZjhkNTAtNTdkYi00YTViLWFkMjctN2MzNDk2ZmQ5ZGMwXkEyXkFqcGc@._V1_.jpg\"",\""character\"":\""Coffee Spiller\"",\""additional\"":\""\""},{\""name\"":\""Cinda Adams\"",\""image\"":\""https://m.media-amazon.com/images/M/MV5BOTJhYWExM2ItNDAyNi00NTIwLTlmZWItNTNkNWQ0YmYwNjE2XkEyXkFqcGc@._V1_.jpg\"",\""character\"":\""Casting Director (First Audition)\"",\""additional\"":\""\""},{\""name\"":\""Callie Hernandez\"",\""image\"":\""https://m.media-amazon.com/images/M/MV5BZmMzOWVhOGEtNzJiOS00NTNiLTljMGEtYmY3ODFiZTBlOTJhXkEyXkFqcGc@._V1_CR803,580,2042,3063_.jpg\"",\""character\"":\""Tracy\"",\""additional\"":\""\""},{\""name\"":\""Jessica Rothe\"",\""image\"":\""https://m.media-amazon.com/images/M/MV5BYmNhNGQ1NTctNDAxZi00YTlkLTk3ZjktMDhhOTA0NDg5NjM3XkEyXkFqcGc@._V1_.jpg\"",\""character\"":\""Alexis\"",\""additional\"":\""\""},{\""name\"":\""Sonoya Mizuno\"",\""image\"":\""https://m.media-amazon.com/images/M/MV5BM2RkYWQ5YjQtNDdjYy00ZDhkLTgxODktOGU3ZjExZGJkODdhXkEyXkFqcGc@._V1_.jpg\"",\""character\"":\""Caitlin\"",\""additional\"":\""\""},{\""name\"":\""Rosemarie DeWitt\"",\""image\"":\""https://m.media-amazon.com/images/M/MV5BMTMxMTg3ODA5M15BMl5BanBnXkFtZTcwOTA1NzQyMg@@._V1_.jpg\"",\""character\"":\""Laura\"",\""additional\"":\""\""},{\""name\"":\""J.K. Simmons\"",\""image\"":\""https://m.media-amazon.com/images/M/MV5BMzg2NTI5NzQ1MV5BMl5BanBnXkFtZTgwNjI1NDEwMDI@._V1_.jpg\"",\""character\"":\""Bill\"",\""additional\"":\""\""},{\""name\"":\""Claudine Claudio\"",\""image\"":\""https://m.media-amazon.com/images/M/MV5BMjI2OTY0MzAyOV5BMl5BanBnXkFtZTgwMDY4Nzc1MDI@._V1_.jpg\"",\""character\"":\""Karen (Waitress)\"",\""additional\"":\""\""},{\""name\"":\""Jason Fuchs\"",\""image\"":\""https://m.media-amazon.com/images/M/MV5BZDUyNzJjY2ItZjJmYy00ZTYxLWFjNDMtM2EwODY2NGI3YjY5XkEyXkFqcGc@._V1_.jpg\"",\""character\"":\""Carlo\"",\""additional\"":\""\""},{\""name\"":\""D.A. Wallach\"",\""image\"":\""\"",\""character\"":\""'80s Singer\"",\""additional\"":\""\""},{\""name\"":\""Mike Fallin\"",\""image\"":\""\"",\""character\"":\""Free way Krump Dancer 'Hat Kid'\"",\""additional\"":\""credit only\""},{\""name\"":\""Trevor Lissauer\"",\""image\"":\""https://m.media-amazon.com/images/M/MV5BMDg1ZTJhMmUtNjhlZi00YTc1LThmMzUtNjRjYzRkYzZmZTY4XkEyXkFqcGc@._V1_.jpg\"",\""character\"":\""Valet\"",\""additional\"":\""\""},{\""name\"":\""Olivia Hamilton\"",\""image\"":\""https://m.media-amazon.com/images/M/MV5BMTczMzA5OTY2OV5BMl5BanBnXkFtZTgwNTY1ODA1NjM@._V1_.jpg\"",\""character\"":\""Bree (Gluten Free Girl)\"",\""additional\"":\""\""},{\""name\"":\""Anna Chazelle\"",\""image\"":\""https://m.media-amazon.com/images/M/MV5BNGU3OGI0NzMtNzAyOS00ZmQ3LTg5MDgtZGQ1NDY5MjkyYTI1XkEyXkFqcGc@._V1_.jpg\"",\""character\"":\""Sarah (Pilot Casting Assistant)\"",\""additional\"":\""\""},{\""name\"":\""Marius De Vries\"",\""image\"":\""https://m.media-amazon.com/images/M/MV5BOWJjMjM0MjMtMzQyMy00ZGRhLTk1MmMtMTdlNzJjODU0NGZlXkEyXkFqcGc@._V1_.jpg\"",\""character\"":\""Clyde (Pilot Director)\"",\""additional\"":\""as Marius de Vries\""},{\""name\"":\""Finn Wittrock\"",\""image\"":\""https://m.media-amazon.com/images/M/MV5BMTc3NTMzMzQzN15BMl5BanBnXkFtZTgwNDAxODcwNzE@._V1_.jpg\"",\""character\"":\""Greg\"",\""additional\"":\""\""}]"""
